{
  "color_histogram": {
    "hue": [
      0.017158087342977524,
      0.029556650668382645,
      0.05099831148982048,
      0.06596701592206955,
      0.035458460450172424,
      0.07655695825815201,
      0.003926608245819807,
      0.00045215486898086965,
      0.0004997501382604241,
      0.0,
      0.0003331667394377291,
      0.0001903810043586418,
      0.0007853216375224292,
      0.0011422859970480204,
      4.759525108966045e-05,
      0.0008567144977860153,
      0.008186383172869682,
      0.07717569917440414,
      0.21789105236530304,
      0.11865495890378952,
      0.03698150813579559,
      0.02082292176783085,
      0.01437376532703638,
      0.018681135028600693,
      0.009852216579020023,
      0.016967706382274628,
      0.016586944460868835,
      0.03607719764113426,
      0.06798981130123138,
      0.05582922697067261
    ],
    "saturation": [
      0.003998001106083393,
      0.011898812837898731,
      0.03748125955462456,
      0.08783703297376633,
      0.09216820448637009,
      0.07125008851289749,
      0.07196401804685593,
      0.0550915002822876,
      0.05304490774869919,
      0.05582922697067261,
      0.04535827413201332,
      0.035244282335042953,
      0.041526854038238525,
      0.03638656809926033,
      0.04081292822957039,
      0.04012279585003853,
      0.03531567379832268,
      0.033507056534290314,
      0.029223483055830002,
      0.02051355317234993,
      0.018157588317990303,
      0.016539350152015686,
      0.018419362604618073,
      0.011446657590568066,
      0.008947907015681267,
      0.012850717641413212,
      0.008686132729053497,
      0.0020465957932174206,
      0.0009519049781374633,
      0.0009281073580496013,
      0.0007377263973467052,
      0.0017134289955720305
    ],
    "value": [
      0.0,
      0.0,
      0.00014278574963100255,
      0.007210680283606052,
      0.1169891208410263,
      0.13750267028808594,
      0.05632897838950157,
      0.057566456496715546,
      0.049118299037218094,
      0.03621998429298401,
      0.041788630187511444,
      0.08988363295793533,
      0.07881773263216019,
      0.07877013832330704,
      0.13952547311782837,
      0.0794602707028389,
      0.02741486392915249,
      0.0018086194759234786,
      0.0003569643886294216,
      0.0002855714992620051,
      7.139287481550127e-05,
      4.759525108966045e-05,
      0.0,
      0.00014278574963100255,
      2.3797625544830225e-05,
      9.51905021793209e-05,
      7.139287481550127e-05,
      2.3797625544830225e-05,
      2.3797625544830225e-05,
      4.759525108966045e-05,
      0.00011898812226718292,
      0.00014278574963100255
    ]
  },
  "edge_density": {
    "density": 0.13064896123366887,
    "orientation_hist": [
      571,
      649,
      700,
      809,
      672,
      640,
      734,
      715
    ]
  },
  "texture_lbp": [
    0.7397253513336182,
    0.19133290648460388,
    0.053711239248514175,
    0.010970705188810825,
    0.0017848218558356166,
    0.00047595248906873167,
    0.00042835724889300764,
    0.0001903810043586418,
    0.00016658336971886456,
    0.00011898812226718292,
    9.51905021793209e-05,
    7.139287481550127e-05,
    0.0,
    0.00011898812226718292,
    2.3797625544830225e-05,
    9.51905021793209e-05,
    4.759525108966045e-05,
    9.51905021793209e-05,
    0.0003807620087172836,
    0.00016658336971886456
  ],
  "contour_moments": [
    0.23467263216703196,
    0.01068540215501933,
    0.0058133617746167114,
    0.0004470791852111642,
    5.393607653391797e-07,
    3.5702926230654896e-05,
    -4.781047631607726e-07
  ],
  "aspect_ratio": {
    "width_height_ratio": 1.2804878048780488,
    "area_bbox_ratio": 0.5704413472706156,
    "compactness": 0.38310088336921017
  },
  "depth_histogram": [
    0.18112371861934662,
    0.4249303936958313,
    0.0029033103492110968,
    0.0,
    0.0,
    0.0735822543501854,
    0.0,
    0.22831441462039948,
    0.0028557151090353727,
    0.0,
    0.0,
    0.0,
    0.0,
    0.0,
    0.0,
    0.0,
    0.0,
    0.0,
    0.0,
    0.0,
    0.0009757025982253253,
    0.02225077897310257,
    0.003498250851407647,
    0.028223983943462372,
    0.008543347008526325,
    0.0014754527946934104,
    0.0014754527946934104,
    0.003569643711671233,
    0.012255776673555374,
    0.004021798726171255
  ],
  "depth_variance": {
    "variance": 358886.4460137297,
    "std": 599.0713196387636,
    "range": 2717,
    "mean": 712.8711120630161
  },
  "surface_curvature": {
    "mean_curvature": 494.3157559013427,
    "curvature_variance": 2249120.131398408,
    "curvature_hist": [
      11258,
      607,
      293,
      391,
      279,
      48,
      22,
      28,
      3,
      47,
      36,
      6,
      33,
      21,
      31,
      116,
      31,
      58,
      19,
      11
    ]
  },
  "volume_estimate": {
    "total_volume": 29955557.0,
    "volume_density": 712.8711120630161
  },
  "ir_signature": {
    "intensity_hist": [
      0.05121248960494995,
      0.11161085963249207,
      0.0965469628572464,
      0.1219390332698822,
      0.12469955533742905,
      0.08098331838846207,
      0.06506270915269852,
      0.049641843885183334,
      0.03950405865907669,
      0.03148425742983818,
      0.023583445698022842,
      0.024083197116851807,
      0.01925227791070938,
      0.017634039744734764,
      0.015754027292132378,
      0.012969705276191235,
      0.0134218605235219,
      0.012160586193203926,
      0.011518050916492939,
      0.01101830042898655,
      0.01028057374060154,
      0.007972204126417637,
      0.009590443223714828,
      0.007044096942991018,
      0.006639537401497364,
      0.0054972511716187,
      0.0039028103929013014,
      0.003545846091583371,
      0.002570143435150385,
      0.002736726775765419,
      0.002474952954798937,
      0.0036648341920226812
    ],
    "mean_intensity": 61.22391185359701,
    "intensity_variance": 2491.458037966005
  },
  "material_properties": {
    "surface_roughness": 261.51731220505457,
    "reflectivity_estimate": 0.24009377197489024,
    "thermal_uniformity": 0.00040121036533720736
  },
  "shape_descriptor": {
    "mshd_descriptor": [
      0.0,
      0.05999999999988,
      0.019999999999959998,
      0.0,
      0.49999999999899997,
      0.21999999999956,
      0.0999999999998,
      0.019999999999959998,
      0.0,
      0.0,
      0.0,
      0.0,
      0.0,
      0.0,
      0.0,
      0.0,
      0.0,
      0.0,
      0.0,
      0.0,
      0.0,
      0.0,
      0.0,
      0.0,
      0.0,
      0.0,
      0.0,
      0.019999999999959998,
      0.0,
      0.0,
      0.0,
      0.05999999999988,
      0.019999999999959998,
      0.17999999999964,
      0.05999999999988,
      0.039999999999919995,
      0.019999999999959998,
      0.019999999999959998,
      0.0,
      0.0,
      0.0,
      0.0,
      0.0,
      0.0,
      0.0,
      0.039999999999919995,
      0.33999999999932,
      0.27999999999944,
      0.23999999999952,
      0.07999999999983999,
      0.039999999999919995,
      0.039999999999919995,
      0.019999999999959998,
      0.019999999999959998,
      0.05999999999988,
      0.019999999999959998,
      0.019999999999959998,
      0.039999999999919995,
      0.0,
      0.0,
      0.0,
      0.0,
      0.11999999999976,
      0.29999999999939997,
      0.299999999997,
      0.199999999998,
      0.0,
      0.099999999999,
      0.099999999999,
      0.199999999998,
      0.0,
      0.099999999999,
      0.99999999999,
      0.0,
      0.0,
      0.0,
      0.0,
      0.0,
      0.0,
      0.0
    ],
    "centroid": [
      0.11151666731892514,
      0.06014171594265074,
      0.6649800315848552
    ],
    "bbox_dimensions": [
      0.7136918432154628,
      0.432198563887709,
      2.191000104066916
    ],
    "point_count": 50,
    "max_distance": 1.9055456575295742
  },
  "surface_normals": {
    "normal_variance": [
      0.03186547907195445,
      0.004435982571301598,
      0.31692375000613826
    ],