{
  "color_histogram": {
    "hue": [
      0.0157525222748518,
      0.023387450724840164,
      0.048398420214653015,
      0.05362001061439514,
      0.04828872159123421,
      0.07141289860010147,
      0.012790697626769543,
      0.0010750328656286001,
      0.0010969723807647824,
      8.775779133429751e-05,
      0.0009214567835442722,
      0.0002632733667269349,
      0.0010969723807647824,
      0.0019526107935234904,
      0.00015357612574007362,
      0.002566915238276124,
      0.022093024104833603,
      0.1404343992471695,
      0.204080730676651,
      0.08532250672578812,
      0.027599824592471123,
      0.016827555373311043,
      0.011627906933426857,
      0.0124396663159132,
      0.006845107302069664,
      0.014370338059961796,
      0.015730584040284157,
      0.04010530933737755,
      0.06625712662935257,
      0.053400613367557526
    ],
    "saturation": [
      0.005089951679110527,
      0.012790697626769543,
      0.04240895062685013,
      0.0783677026629448,
      0.07981570810079575,
      0.08266783505678177,
      0.06680561602115631,
      0.04964897036552429,
      0.04962702840566635,
      0.05421237275004387,
      0.047871872782707214,
      0.045063626021146774,
      0.05015357583761215,
      0.03898639604449272,
      0.039425186812877655,
      0.037889424711465836,
      0.033918384462594986,
      0.03192189708352089,
      0.024155331775546074,
      0.021873628720641136,
      0.021566476672887802,
      0.01972356252372265,
      0.018692409619688988,
      0.014721369370818138,
      0.013690214604139328,
      0.012088635005056858,
      0.002698552096262574,
      0.0010750328656286001,
      0.0005265467334538698,
      0.0006362439598888159,
      0.0004826678487006575,
      0.0014041246613487601
    ],
    "value": [
      0.0,
      0.0,
      0.0008775778696872294,
      0.00936814397573471,
      0.10653795301914215,
      0.1555287390947342,
      0.05166739970445633,
      0.053641948848962784,
      0.05114085227251053,
      0.03297498822212219,
      0.04041246324777603,
      0.09789381176233292,
      0.0781044289469719,
      0.10010969638824463,
      0.13483984768390656,
      0.061474330723285675,
      0.02397981658577919,
      0.0012066696071997285,
      0.00015357612574007362,
      6.581834168173373e-05,
      2.1939447833574377e-05,
      0.0,
      0.0,
      0.0,
      0.0,
      0.0,
      0.0,
      0.0,
      0.0,
      0.0,
      0.0,
      0.0
    ]
  },
  "edge_density": {
    "density": 0.12571303203159281,
    "orientation_hist": [
      555,
      701,
      687,
      899,
      704,
      657,
      738,
      789
    ]
  },
  "texture_lbp": [
    0.5817902684211731,
    0.09787187725305557,
    0.08018867671489716,
    0.07318999618291855,
    0.05846862494945526,
    0.03804299980401993,
    0.0248793326318264,
    0.015620886348187923,
    0.011298815719783306,
    0.006888986565172672,
    0.005243527702987194,
    0.002786309691146016,
    0.001777095254510641,
    0.001118911779485643,
    0.00037297059316188097,
    0.00030715225148014724,
    2.1939447833574377e-05,
    0.0,
    6.581834168173373e-05,
    6.581834168173373e-05
  ],
  "contour_moments": [
    0.23569468508394145,
    0.01065623567103209,
    0.00593806792397425,
    0.0004446835784807948,
    5.478208245651543e-07,
    3.617126296209895e-05,
    -4.7121771684239103e-07
  ],
  "aspect_ratio": {
    "width_height_ratio": 1.2705882352941176,
    "area_bbox_ratio": 0.5729302832244009,
    "compactness": 0.37430478536141776
  },
  "depth_histogram": [
    0.22441861033439636,
    0.4085783362388611,
    0.0,
    0.0,
    0.06050899624824524,
    0.12218078225851059,
    0.0938350185751915,
    0.011320754885673523,
    0.0,
    0.0,
    0.0,
    0.0,
    0.0,
    0.0,
    0.0,
    0.0,
    0.0,
    0.0,
    0.0,
    0.0006143045029602945,
    0.024330846965312958,
    0.008205353282392025,
    0.006494076456874609,
    0.02678806520998478,
    0.0026107942685484886,
    0.0006581834168173373,
    0.0007678806432522833,
    0.0014699429739266634,
    0.00590171106159687,
    0.0013163668336346745
  ],
  "depth_variance": {
    "variance": 270912.87815115013,
    "std": 520.4929184447662,
    "range": 2603,
    "mean": 618.0224001755156
  },
  "surface_curvature": {
    "mean_curvature": 529.2403446143685,
    "curvature_variance": 2752544.9465865735,
    "curvature_hist": [
      12780,
      389,
      719,
      378,
      67,
      46,
      27,
      1,
      3,
      33,
      19,
      37,
      63,
      71,
      169,
      26,
      44,
      79,
      24,
      17
    ]
  },
  "volume_estimate": {
    "total_volume": 28169461.0,
    "volume_density": 618.0224001755156
  },
  "ir_signature": {
    "intensity_hist": [
      0.09986836463212967,
      0.1267661303281784,
      0.13626590371131897,
      0.14572180807590485,
      0.10620886087417603,
      0.07020623236894608,
      0.046336110681295395,
      0.03935936838388443,
      0.032250985503196716,
      0.026502851396799088,
      0.023760421201586723,
      0.02051338367164135,
      0.014194821938872337,
      0.014699429273605347,
      0.012966212816536427,
      0.011891180649399757,
      0.010574813932180405,
      0.0084028085693717,
      0.00772268557921052,
      0.006581834051758051,
      0.006779289338737726,
      0.0056164986453950405,
      0.004848617594689131,
      0.004475647117942572,
      0.00320315919816494,
      0.0024352786131203175,
      0.0022817025892436504,
      0.0018867924809455872,
      0.0015796402003616095,
      0.0016893374267965555,
      0.0014699429739266634,
      0.002939885947853327
    ],
    "mean_intensity": 49.78117595436595,
    "intensity_variance": 1990.4979256026515
  },
  "material_properties": {
    "surface_roughness": 222.3598128412956,
    "reflectivity_estimate": 0.19522029786025863,
    "thermal_uniformity": 0.0005021345928328737
  },
  "shape_descriptor": {
    "mshd_descriptor": [
      0.0,
      0.0,
      0.07999999999983999,
      0.47999999999904,
      0.05999999999988,
      0.31999999999935996,
      0.0,
      0.0,
      0.0,
      0.0,
      0.0,
      0.0,
      0.0,
      0.0,
      0.0,
      0.0,
      0.0,
      0.0,
      0.0,
      0.0,
      0.0,
      0.0,
      0.0,
      0.0,
      0.0,
      0.0,
      0.0,
      0.0,
      0.019999999999959998,
      0.0,
      0.019999999999959998,
      0.019999999999959998,
      0.039999999999919995,
      0.07999999999983999,
      0.11999999999976,
      0.07999999999983999,
      0.039999999999919995,
      0.0,
      0.0,
      0.0,
      0.0,
      0.0,
      0.0,
      0.0,
      0.0,
      0.0999999999998,
      0.25999999999948,
      0.27999999999944,
      0.21999999999956,
      0.13999999999972,
      0.07999999999983999,
      0.13999999999972,
      0.0,
      0.0,
      0.0,
      0.019999999999959998,
      0.039999999999919995,
      0.0,
      0.0,
      0.0,
      0.11999999999976,
      0.039999999999919995,
      0.05999999999988,
      0.13999999999972,
      0.199999999998,
      0.099999999999,
      0.0,
      0.199999999998,
      0.0,
      0.099999999999,
      0.099999999999,
      0.299999999997,
      0.99999999999,
      0.0,
      0.0,
      0.0,
      0.0,
      0.0,
      0.0,
      0.0
    ],
    "centroid": [
      0.1297102717008346,
      0.04833339058700214,
      0.5688000270165503
    ],
    "bbox_dimensions": [
      0.8157160857108022,
      0.26297076530819813,
      2.019000095897354
    ],
    "point_count": 50,
    "max_distance": 1.8522976740222667
  },
  "surface_normals": {
    "normal_variance": [
      0.04383685978893706,
      0.005340980452837805,
      0.2858804565321843
    ],
    "surface_smoothness": 0.8995345007617813
  },
  "geometric_primitives": {
    "plane_fitness": 0.9467391357481183,
    "sphere_fitness": 0.8224996922074733,
    "cylinder_fitness": 0.9974391074382986
  }
}