{
  "color_histogram": {
    "hue": [
      0.026371676474809647,
      0.03771383315324783,
      0.06109827384352684,
      0.0747508704662323,
      0.04541529715061188,
      0.06704940646886826,
      0.0028005321510136127,
      0.000210039914236404,
      0.00016336436965502799,
      0.0,
      0.000583444198127836,
      0.0,
      0.0006767952581867576,
      0.0014469416346400976,
      0.0,
      0.002777194371446967,
      0.011505519039928913,
      0.0727204829454422,
      0.15521949529647827,
      0.11304814368486404,
      0.05260332673788071,
      0.02611496113240719,
      0.01276575867086649,
      0.01311582513153553,
      0.007654787972569466,
      0.013559242710471153,
      0.017153259366750717,
      0.021447408944368362,
      0.07097014784812927,
      0.0910639688372612
    ],
    "saturation": [
      0.009685173630714417,
      0.021260706707835197,
      0.062195152044296265,
      0.07748138904571533,
      0.07731802016496658,
      0.05832108110189438,
      0.06842633336782455,
      0.05545053631067276,
      0.055963966995477676,
      0.06172839552164078,
      0.041284509003162384,
      0.034679923206567764,
      0.033349670469760895,
      0.030852528288960457,
      0.036920350044965744,
      0.033513035625219345,
      0.03533338010311127,
      0.037620481103658676,
      0.03561343252658844,
      0.026838432997465134,
      0.019440360367298126,
      0.015869682654738426,
      0.015823006629943848,
      0.01143550593405962,
      0.008564960211515427,
      0.01311582513153553,
      0.012439030222594738,
      0.0025204787962138653,
      0.001493617077358067,
      0.0010035240557044744,
      0.000840159656945616,
      0.0036173539701849222
    ],
    "value": [
      0.0,
      0.0,
      0.0007234708173200488,
      0.017199935391545296,
      0.18056431412696838,
      0.09916217625141144,
      0.051529791206121445,
      0.06431888788938522,
      0.03346635773777962,
      0.03696702420711517,
      0.07591775804758072,
      0.08929029852151871,
      0.07423743605613708,
      0.13265186548233032,
      0.11496184021234512,
      0.02676841989159584,
      0.0017269947566092014,
      0.0003033909888472408,
      0.000210039914236404,
      0.0,
      0.0,
      0.0,
      0.0,
      0.0,
      0.0,
      0.0,
      0.0,
      0.0,
      0.0,
      0.0,
      0.0,
      0.0
    ]
  },
  "edge_density": {
    "density": 0.1242736119862774,
    "orientation_hist": [
      559,
      628,
      641,
      840,
      650,
      589,
      701,
      717
    ]
  },
  "texture_lbp": [
    0.5713552236557007,
    0.09456463158130646,
    0.07470419257879257,
    0.077177993953228,
    0.06142500415444374,
    0.040654391050338745,
    0.030269084498286247,
    0.020933978259563446,
    0.013255852274596691,
    0.007491423282772303,
    0.003920745104551315,
    0.001820345874875784,
    0.000840159656945616,
    0.0003967420489061624,
    0.00025671542971394956,
    0.00025671542971394956,
    0.0001400266046402976,
    0.00018670213466975838,
    0.000210039914236404,
    0.0001400266046402976
  ],
  "contour_moments": [
    0.5378562959614349,
    0.19408821212775984,
    0.000838891976817253,
    0.000109355398640496,
    -1.0641410887225455e-08,
    -3.902399463264688e-05,
    -3.1365763827659006e-08
  ],
  "aspect_ratio": {
    "width_height_ratio": 3.217391304347826,
    "area_bbox_ratio": 0.3481198589894242,
    "compactness": 0.03470571816543105
  },
  "depth_histogram": [
    0.22154542803764343,
    0.42344045639038086,
    0.00441083824262023,
    0.0052276598289608955,
    0.0017036569770425558,
    0.10245279967784882,
    0.002380452351644635,
    0.16079722344875336,
    0.0,
    0.0,
    0.0,
    0.0,
    0.0,
    0.0,
    0.0,
    0.0,
    0.0,
    0.0,
    0.0,
    0.0,
    0.0005367686389945447,
    0.0026371676940470934,
    0.011948936618864536,
    0.0013302527368068695,
    0.03411981463432312,
    0.0018436836544424295,
    0.002450465690344572,
    0.001680319313891232,
    0.00571775296702981,
    0.01577633060514927
  ],
  "depth_variance": {
    "variance": 324914.61983575235,
    "std": 570.0128242730617,
    "range": 2581,
    "mean": 655.462297836589
  },
  "surface_curvature": {
    "mean_curvature": 691.3128145440784,
    "curvature_variance": 3037649.938822978,
    "curvature_hist": [
      10569,
      359,
      774,
      805,
      141,
      77,
      27,
      7,
      4,
      23,
      45,
      68,
      25,
      51,
      171,
      63,
      72,
      38,
      14,
      8
    ]
  },
  "volume_estimate": {
    "total_volume": 28085904.0,
    "volume_density": 655.462297836589
  },
  "ir_signature": {
    "intensity_hist": [
      0.047795746475458145,
      0.11500851809978485,
      0.10039907693862915,
      0.13820625841617584,
      0.12691077589988708,
      0.08471609652042389,
      0.05272001773118973,
      0.04735232889652252,
      0.039324138313531876,
      0.03162267431616783,
      0.02527480199933052,
      0.023057714104652405,
      0.017316622659564018,
      0.018110107630491257,
      0.015426264144480228,
      0.015589628368616104,
      0.013395878486335278,
      0.011645546182990074,
      0.010035240091383457,
      0.0091717429459095,
      0.009265094064176083,
      0.008331582881510258,
      0.007514761295169592,
      0.006207846105098724,
      0.005741090979427099,
      0.0037340428680181503,
      0.003570678411051631,
      0.0025671543553471565,
      0.002333776792511344,
      0.0017036569770425558,
      0.0022404256742447615,
      0.0037107050884515047
    ],
    "mean_intensity": 58.389040584377696,
    "intensity_variance": 2318.3885900127984
  },
  "material_properties": {
    "surface_roughness": 249.74128436151508,
    "reflectivity_estimate": 0.22897662974265764,
    "thermal_uniformity": 0.00043114810700801195
  },
  "shape_descriptor": {
    "mshd_descriptor": [
      0.039999999999919995,
      0.0999999999998,
      0.17999999999964,
      0.039999999999919995,
      0.0,
      0.41999999999916,
      0.019999999999959998,
      0.07999999999983999,
      0.0,
      0.0,
      0.0,
      0.0,
      0.0,
      0.0,
      0.0,
      0.0,
      0.0,
      0.0,
      0.0,
      0.0,
      0.0,
      0.039999999999919995,
      0.019999999999959998,
      0.0,
      0.0,
      0.039999999999919995,
      0.0,
      0.0,
      0.0,
      0.0,
      0.0,
      0.019999999999959998,
      0.0,
      0.039999999999919995,
      0.0999999999998,
      0.07999999999983999,
      0.07999999999983999,
      0.019999999999959998,
      0.0,
      0.0999999999998,
      0.0,
      0.0,
      0.05999999999988,
      0.0,
      0.0,
      0.019999999999959998,
      0.35999999999928,
      0.13999999999972,
      0.27999999999944,
      0.11999999999976,
      0.05999999999988,
      0.039999999999919995,
      0.039999999999919995,
      0.0,
      0.0,
      0.07999999999983999,
      0.019999999999959998,
      0.019999999999959998,
      0.0,
      0.0,
      0.0,
      0.0999999999998,
      0.07999999999983999,
      0.15999999999967998,
      0.199999999998,
      0.0,
      0.0,
      0.0,
      0.0,
      0.399999999996,
      0.099999999999,
      0.299999999997,
      0.99999999999,
      0.0,
      0.0,
      0.0,
      0.0,
      0.0,
      0.0,
      0.0
    ],
    "centroid": [
      0.1487501435673659,
      0.06150864202911702,
      0.7744800367858261
    ],
    "bbox_dimensions": [
      0.8196701304960986,
      0.5008502044785133,
      2.5450001208810136
    ],
    "point_count": 50,
    "max_distance": 2.152013278978869
  },
  "surface_normals": {
    "normal_variance": [
      0.04084356867211961,
      0.0045644366214583594,
      0.36082379217641836
    ],
    "surface_smoothness": 0.8807386514999572
  },
  "geometric_primitives": {
    "plane_fitness": 0.9550318651880862,
    "sphere_fitness": 0.8182428850873475,
    "cylinder_fitness": 0.9969369645457382
  }
}